vendor_id,feature
arctic_wolf_we_make_security_work,gestützte Cybersecurity
arctic_wolf_we_make_security_work,"time monitoring of your entire endpoint environment, plus powerful AI"
arctic_wolf_we_make_security_work,raportissaLue lisääNimetty 2024 IDC MarketScapessa Worldwide Managed Detection and Response
arctic_wolf_we_make_security_work,Firestone Grand Prix of St. PetersburgMAR 23
arctic_wolf_we_make_security_work,pocket costs while potentially gaining access to lower premiums and more favorable policy terms.Learn MoreExperienced Incident ResponseArctic Wolf’s insurance
arctic_wolf_we_make_security_work,Profit OrganizationsState GovernmentsLocal GovernmentsHigher EducationK
arctic_wolf_we_make_security_work,tested incident runbooks.Secure IR PortalStore all IR planning documents in a secure off
arctic_wolf_we_make_security_work,DSS REQUIREMENTS1PCI
arctic_wolf_we_make_security_work,Demand WebinarOperationalizing the AI
arctic_wolf_we_make_security_work,premises and in the cloudProvide real
arctic_wolf_we_make_security_work,"leading open XDR platformHOW IT WORKSCollectSee the complete picture with broad visibility, unlimited event data, and on"
arctic_wolf_we_make_security_work,"AI relationship in security operations. This report reveals key findings on AI adoption, attitudes towards AI, and the importance of human"
arctic_wolf_we_make_security_work,Force AttackWhat Is a Brute
arctic_wolf_we_make_security_work,6  Cyber Security  Physical Security of BES Cyber Systems6CIP
arctic_wolf_we_make_security_work,"facing, known vulnerabilities.Security Project GuidesInsureds can close their security gaps with in"
arctic_wolf_we_make_security_work,Incident Response: Establishing well
arctic_wolf_we_make_security_work,"class security operations with the push of a button.For more information about Arctic Wolf,contact us.Learn More"
arctic_wolf_we_make_security_work,platformOns open XDR
arctic_wolf_we_make_security_work,"leading security operations.Learn MoreARCTIC WOLF FORSolution ProvidersWith recurring revenue, ample upsell opportunities, and a 100% channel go"
arctic_wolf_we_make_security_work,592305066836Windows 10 Version 1809 for 32
