vendor_id,product_name,benefit
arctic_wolf_we_make_security_work,Cybersecurity for State and Local Government,productivity at a lower cost
arctic_wolf_we_make_security_work,Cybersecurity for State and Local Government,in attacks to government and civic organizations in 2024 over the prior year
arctic_wolf_we_make_security_work,Aurora Endpoint Security,"risk, and transform how you protect your organization"
arctic_wolf_we_make_security_work,Aurora Endpoint Security,"market-leading AI-driven prevention, detection, and response, stopping threats before they disrupt your business"
arctic_wolf_we_make_security_work,Aurora Endpoint Security,"powerful, AI-driven defense against modern threats"
arctic_wolf_we_make_security_work,Aurora Endpoint Security,"protection, detection, and response as well as threat hunting capabilities"
arctic_wolf_we_make_security_work,Arctic Wolf for Solution Providers,the complexity associated with managing multiple vendors
arctic_wolf_we_make_security_work,Arctic Wolf for Solution Providers,"AI-driven prevention, detection, and response to stop endpoint threats before they disrupt business"
arctic_wolf_we_make_security_work,Legal Industry Cybersecurity,data integrity and maintains the reliability of security alerts
arctic_wolf_we_make_security_work,Legal Industry Cybersecurity,human risk at your organization
arctic_wolf_we_make_security_work,Legal Industry Cybersecurity,relevant and engaging content based on the latest threats and attack methods
arctic_wolf_we_make_security_work,Legal Industry Cybersecurity,awareness lessons via email for quick and convenient access
arctic_wolf_we_make_security_work,Managed Security Awareness,data integrity and maintains the reliability of security alerts
arctic_wolf_we_make_security_work,Managed Security Awareness,human risk at your organization
arctic_wolf_we_make_security_work,Managed Security Awareness,relevant and engaging content based on the latest threats and attack methods
arctic_wolf_we_make_security_work,Managed Security Awareness,awareness lessons via email for quick and convenient access
arctic_wolf_we_make_security_work,Security Operations Bundles,their insurability​
arctic_wolf_we_make_security_work,Security Operations Bundles,the frequency of successful attacks
arctic_wolf_we_make_security_work,Security Operations Bundles,their risk profile and improve their insurability​
arctic_wolf_we_make_security_work,Financial Industry Cybersecurity,the tools and expertise to continually monitor our environment and alert on these threats
arctic_wolf_we_make_security_work,Meeting Industry Cybersecurity and Regulatory Requirements,the tools and expertise to continually monitor our environment and alert on these threats
arctic_wolf_we_make_security_work,Manufacturing Industry Cybersecurity,cloud-related security incidents due to misconfiguration by 80%
arctic_wolf_we_make_security_work,Solutions,cloud-related security incidents due to misconfiguration by 80%
arctic_wolf_we_make_security_work,Cloud Detection and Response,consistent performance
arctic_wolf_we_make_security_work,OEM Solutions,consistent performance
arctic_wolf_we_make_security_work,Incident Response,ransom demands
arctic_wolf_we_make_security_work,Incident Response,"or Eliminate Ransom PaymentsOn average, Arctic Wolf Incident Response customers have seen a 92% reduction from the original demand request"
arctic_wolf_we_make_security_work,Incident Response,"the impact of a potential security incident, our team of 24×7 IR experts respond quickly to contain the threat"
arctic_wolf_we_make_security_work,Incident Response,ransom demands and quicken the speed of recovery efforts
arctic_wolf_we_make_security_work,Alpha AI,a new approach to IR retainers that provides organizations with advanced incident readiness activities without having to sacrifice the ability to respond to a severe security event
arctic_wolf_we_make_security_work,Alpha AI,security operations as a concierge service
arctic_wolf_we_make_security_work,Incident360 Retainer,a new approach to IR retainers that provides organizations with advanced incident readiness activities without having to sacrifice the ability to respond to a severe security event
arctic_wolf_we_make_security_work,Incident360 Retainer,security operations as a concierge service
arctic_wolf_we_make_security_work,Solutions,cloud-related security incidents due to misconfiguration by 80%
arctic_wolf_we_make_security_work,Aurora Platform,alert fatigue
arctic_wolf_we_make_security_work,Aurora Platform,false positives
arctic_wolf_we_make_security_work,Aurora Platform,our unique personalized protection for your organization
arctic_wolf_we_make_security_work,Aurora Platform,the tools and expertise to continually monitor our environment and alert on these threats
arctic_wolf_we_make_security_work,Healthcare Cybersecurity,the tools and expertise to continually monitor our environment and alert on these threats
arctic_wolf_we_make_security_work,Managed Detection and Response (MDR),the tools and expertise to continually monitor our environment and alert on these threats
arctic_wolf_we_make_security_work,Arctic Wolf Interactive Tools,"Risk, Increase ResilienceGain a comprehensive understanding of your organization’s digital risks for more effective risk assessment and management with Arctic Wolf Managed Risk"
arctic_wolf_we_make_security_work,Arctic Wolf Interactive Tools,cyber risk exposure
arctic_wolf_we_make_security_work,Arctic Wolf Interactive Tools,our threat surface
arctic_wolf_we_make_security_work,Arctic Wolf Interactive Tools,ResilienceGain a comprehensive understanding of your organization’s digital risks for more effective risk assessment and management with Arctic Wolf Managed Risk
arctic_wolf_we_make_security_work,Arctic Wolf Interactive Tools,timely critical
arctic_wolf_we_make_security_work,Arctic Wolf Interactive Tools,"continuous scanning of all your internal IP-connected devices while cataloging your core infrastructure, equipment/peripherals, workstations, Internet of things (IoT) devices,and personal (e"
arctic_wolf_we_make_security_work,Solutions,cloud-related security incidents due to misconfiguration by 80%
arctic_wolf_we_make_security_work,Cyber Jumpstart,your cyber insurability
