vendor_id,service_name,benefit
arctic_wolf_we_make_security_work,Cybersecurity for State and Local Government,in attacks to government and civic organizations in 2024 over the prior year
arctic_wolf_we_make_security_work,Cybersecurity for State and Local Government,productivity at a lower cost
arctic_wolf_we_make_security_work,Aurora Endpoint Security,"risk, and transform how you protect your organization"
arctic_wolf_we_make_security_work,Legal Industry Cybersecurity,data integrity and maintains the reliability of security alerts
arctic_wolf_we_make_security_work,Legal Industry Cybersecurity,human risk at your organization
arctic_wolf_we_make_security_work,Managed Security Awareness,data integrity and maintains the reliability of security alerts
arctic_wolf_we_make_security_work,Managed Security Awareness,human risk at your organization
arctic_wolf_we_make_security_work,Security Operations Bundles,their risk profile and improve their insurability​
arctic_wolf_we_make_security_work,Security Operations Bundles,their insurability​
arctic_wolf_we_make_security_work,Security Operations Bundles,the frequency of successful attacks
arctic_wolf_we_make_security_work,Financial Industry Cybersecurity,ResilienceGain a comprehensive understanding of your organization’s digital risks for more effective risk assessment and management with Arctic Wolf Managed Risk
arctic_wolf_we_make_security_work,Financial Industry Cybersecurity,cloud-related security incidents due to misconfiguration by 80%
arctic_wolf_we_make_security_work,Financial Industry Cybersecurity,our threat surface
arctic_wolf_we_make_security_work,Financial Industry Cybersecurity,"Risk, Increase ResilienceGain a comprehensive understanding of your organization’s digital risks for more effective risk assessment and management with Arctic Wolf Managed Risk"
arctic_wolf_we_make_security_work,Financial Industry Cybersecurity,cyber risk exposure
arctic_wolf_we_make_security_work,Meeting Industry Cybersecurity and Regulatory Requirements,ResilienceGain a comprehensive understanding of your organization’s digital risks for more effective risk assessment and management with Arctic Wolf Managed Risk
arctic_wolf_we_make_security_work,Meeting Industry Cybersecurity and Regulatory Requirements,cloud-related security incidents due to misconfiguration by 80%
arctic_wolf_we_make_security_work,Meeting Industry Cybersecurity and Regulatory Requirements,our threat surface
arctic_wolf_we_make_security_work,Meeting Industry Cybersecurity and Regulatory Requirements,"Risk, Increase ResilienceGain a comprehensive understanding of your organization’s digital risks for more effective risk assessment and management with Arctic Wolf Managed Risk"
arctic_wolf_we_make_security_work,Meeting Industry Cybersecurity and Regulatory Requirements,cyber risk exposure
arctic_wolf_we_make_security_work,Manufacturing Industry Cybersecurity,ResilienceGain a comprehensive understanding of your organization’s digital risks for more effective risk assessment and management with Arctic Wolf Managed Risk
arctic_wolf_we_make_security_work,Manufacturing Industry Cybersecurity,cloud-related security incidents due to misconfiguration by 80%
arctic_wolf_we_make_security_work,Manufacturing Industry Cybersecurity,our threat surface
arctic_wolf_we_make_security_work,Manufacturing Industry Cybersecurity,"Risk, Increase ResilienceGain a comprehensive understanding of your organization’s digital risks for more effective risk assessment and management with Arctic Wolf Managed Risk"
arctic_wolf_we_make_security_work,Manufacturing Industry Cybersecurity,cyber risk exposure
arctic_wolf_we_make_security_work,Solutions,ResilienceGain a comprehensive understanding of your organization’s digital risks for more effective risk assessment and management with Arctic Wolf Managed Risk
arctic_wolf_we_make_security_work,Solutions,cloud-related security incidents due to misconfiguration by 80%
arctic_wolf_we_make_security_work,Solutions,our threat surface
arctic_wolf_we_make_security_work,Solutions,"Risk, Increase ResilienceGain a comprehensive understanding of your organization’s digital risks for more effective risk assessment and management with Arctic Wolf Managed Risk"
arctic_wolf_we_make_security_work,Solutions,cyber risk exposure
arctic_wolf_we_make_security_work,Cloud Detection and Response,MSP CybersecurityMSPs are in a unique position to protect their clients with strong cybersecurity services
arctic_wolf_we_make_security_work,Cloud Detection and Response,your customers’ overall posture
arctic_wolf_we_make_security_work,Cloud Detection and Response,the complexity associated with managing multiple vendors
arctic_wolf_we_make_security_work,Cloud Detection and Response,their cybersecurity offerings to SMBs
arctic_wolf_we_make_security_work,Arctic Wolf for Managed Service Providers,MSP CybersecurityMSPs are in a unique position to protect their clients with strong cybersecurity services
arctic_wolf_we_make_security_work,Arctic Wolf for Managed Service Providers,your customers’ overall posture
arctic_wolf_we_make_security_work,Arctic Wolf for Managed Service Providers,the complexity associated with managing multiple vendors
arctic_wolf_we_make_security_work,Arctic Wolf for Managed Service Providers,their cybersecurity offerings to SMBs
arctic_wolf_we_make_security_work,OEM Solutions,"the impact of a potential security incident, our team of 24×7 IR experts respond quickly to contain the threat"
arctic_wolf_we_make_security_work,OEM Solutions,ransom demands
arctic_wolf_we_make_security_work,OEM Solutions,ransom demands and quicken the speed of recovery efforts
arctic_wolf_we_make_security_work,OEM Solutions,"or Eliminate Ransom PaymentsOn average, Arctic Wolf Incident Response customers have seen a 92% reduction from the original demand request"
arctic_wolf_we_make_security_work,Incident Response,"the impact of a potential security incident, our team of 24×7 IR experts respond quickly to contain the threat"
arctic_wolf_we_make_security_work,Incident Response,ransom demands
arctic_wolf_we_make_security_work,Incident Response,ransom demands and quicken the speed of recovery efforts
arctic_wolf_we_make_security_work,Incident Response,"or Eliminate Ransom PaymentsOn average, Arctic Wolf Incident Response customers have seen a 92% reduction from the original demand request"
arctic_wolf_we_make_security_work,Incident360 Retainer,your cyber insurability
arctic_wolf_we_make_security_work,Healthcare Cybersecurity,your cyber insurability
arctic_wolf_we_make_security_work,Managed Detection and Response (MDR),your cyber insurability
arctic_wolf_we_make_security_work,Cyber Jumpstart,your cyber insurability
